time_step,changed_nodes,valid_nodes,transitional_nodes,non_compliant_nodes,unsafe_clusters,reconfigured,reconfiguration_count_step,reconfiguration_count_cumulative,moved_nodes,moved_nodes_cumulative,max_concentration_before,max_concentration_after,concentration_reduction_absolute,concentration_reduction_percent
1,8,64,23,13,1,1,1,1,90,90,0.2222222222222222,0.2,0.0222222222222222,9.99999999999999
2,8,61,24,15,2,1,1,2,76,166,0.2222222222222222,0.2,0.0222222222222222,9.99999999999999
3,5,60,20,20,3,1,1,3,71,237,0.3,0.25,0.04999999999999999,16.666666666666664
4,4,56,21,23,6,1,1,4,67,304,0.3,0.2727272727272727,0.027272727272727282,9.090909090909093
5,7,50,27,23,6,1,1,5,75,379,0.3333333333333333,0.3,0.033333333333333326,9.999999999999998
6,8,46,24,30,7,1,1,6,85,464,0.4,0.3333333333333333,0.06666666666666671,16.66666666666668
7,7,43,25,32,10,1,1,7,85,549,0.5,0.3333333333333333,0.16666666666666669,33.333333333333336
8,6,39,28,33,9,1,1,8,93,642,0.4444444444444444,0.375,0.06944444444444442,15.624999999999995
9,8,35,27,38,9,1,1,9,94,736,0.5,0.4444444444444444,0.05555555555555558,11.111111111111116
10,8,32,26,42,10,1,1,10,82,818,0.5454545454545454,0.4444444444444444,0.101010101010101,18.51851851851852
11,7,32,24,44,10,1,1,11,75,893,0.5555555555555556,0.46153846153846156,0.09401709401709402,16.92307692307692
12,9,32,26,42,9,1,1,12,80,973,0.5555555555555556,0.4444444444444444,0.11111111111111116,20.000000000000007
13,5,32,23,45,10,1,1,13,78,1051,0.5555555555555556,0.5,0.05555555555555558,10.000000000000004
14,8,29,25,46,10,1,1,14,90,1141,0.5555555555555556,0.5,0.05555555555555558,10.000000000000004
15,10,24,27,49,10,1,1,15,89,1230,0.6,0.5555555555555556,0.0444444444444444,7.4074074074074
16,7,23,28,49,10,1,1,16,82,1312,0.625,0.5,0.125,20.0
17,5,25,25,50,10,1,1,17,72,1384,0.625,0.5,0.125,20.0
18,8,23,23,54,10,1,1,18,83,1467,0.625,0.5555555555555556,0.06944444444444442,11.111111111111107
19,7,22,22,56,10,1,1,19,84,1551,0.6666666666666666,0.6,0.06666666666666665,9.999999999999998
20,7,25,21,54,10,1,1,20,84,1635,0.6666666666666666,0.5555555555555556,0.11111111111111105,16.666666666666657
21,6,21,20,59,10,1,1,21,90,1725,0.6363636363636364,0.6153846153846154,0.020979020979020935,3.29670329670329
22,3,21,17,62,10,1,1,22,67,1792,0.7,0.6666666666666666,0.033333333333333326,4.761904761904761
23,2,22,17,61,10,1,1,23,53,1845,0.6666666666666666,0.625,0.04166666666666663,6.249999999999995
24,6,20,18,62,10,1,1,24,83,1928,0.75,0.6666666666666666,0.08333333333333337,11.111111111111116
25,4,20,17,63,10,1,1,25,80,2008,0.7,0.6666666666666666,0.033333333333333326,4.761904761904761
26,5,18,16,66,10,1,1,26,94,2102,0.7777777777777778,0.7,0.07777777777777783,10.000000000000007
27,3,17,14,69,10,1,1,27,69,2171,0.8333333333333334,0.7142857142857143,0.11904761904761907,14.285714285714288
28,5,16,13,71,10,1,1,28,91,2262,0.8,0.7272727272727273,0.07272727272727275,9.090909090909093
29,4,16,11,73,10,1,1,29,81,2343,0.8571428571428571,0.75,0.1071428571428571,12.499999999999995
30,5,14,14,72,10,1,1,30,84,2427,0.8333333333333334,0.75,0.08333333333333337,10.000000000000004
31,3,16,12,72,10,1,1,31,90,2517,0.75,0.75,0.0,0.0
32,6,16,15,69,10,1,1,32,87,2604,0.75,0.7272727272727273,0.022727272727272707,3.0303030303030276
33,5,19,14,67,10,1,1,33,92,2696,0.7272727272727273,0.7,0.027272727272727337,3.750000000000009
34,7,21,12,67,10,1,1,34,83,2779,0.75,0.7,0.050000000000000044,6.666666666666672
35,5,23,8,69,10,1,1,35,74,2853,0.8,0.75,0.050000000000000044,6.250000000000005
36,5,25,9,66,10,1,1,36,79,2932,0.75,0.7142857142857143,0.0357142857142857,4.761904761904759
37,7,23,11,66,10,1,1,37,82,3014,0.8333333333333334,0.6666666666666666,0.16666666666666674,20.000000000000007
38,7,20,13,67,10,1,1,38,91,3105,0.7777777777777778,0.7,0.07777777777777783,10.000000000000007
39,6,24,11,65,10,1,1,39,90,3195,0.7,0.6666666666666666,0.033333333333333326,4.761904761904761
40,6,26,12,62,10,1,1,40,81,3276,0.6666666666666666,0.6363636363636364,0.030303030303030276,4.545454545454541
41,6,28,13,59,10,1,1,41,77,3353,0.7272727272727273,0.625,0.10227272727272729,14.062500000000004
42,5,27,14,59,10,1,1,42,70,3423,0.7,0.625,0.07499999999999996,10.714285714285708
43,4,26,13,61,10,1,1,43,92,3515,0.875,0.6363636363636364,0.23863636363636365,27.272727272727277
44,5,23,16,61,10,1,1,44,83,3598,0.6666666666666666,0.625,0.04166666666666663,6.249999999999995
45,5,23,13,64,10,1,1,45,77,3675,0.75,0.6666666666666666,0.08333333333333337,11.111111111111116
46,5,26,12,62,10,1,1,46,95,3770,0.6666666666666666,0.6363636363636364,0.030303030303030276,4.545454545454541
47,3,26,11,63,10,1,1,47,87,3857,0.7272727272727273,0.6363636363636364,0.09090909090909094,12.500000000000004
48,5,22,14,64,10,1,1,48,92,3949,0.8181818181818182,0.6666666666666666,0.1515151515151516,18.51851851851853
49,8,21,17,62,10,1,1,49,67,4016,0.7777777777777778,0.6666666666666666,0.11111111111111116,14.28571428571429
50,4,21,17,62,10,1,1,50,92,4108,0.7,0.6666666666666666,0.033333333333333326,4.761904761904761
51,6,19,19,62,10,1,1,51,77,4185,0.7,0.6666666666666666,0.033333333333333326,4.761904761904761
52,5,22,19,59,10,1,1,52,89,4274,0.7,0.625,0.07499999999999996,10.714285714285708
53,8,22,20,58,10,1,1,53,89,4363,0.75,0.6,0.15000000000000002,20.000000000000004
54,4,22,18,60,10,1,1,54,90,4453,0.6666666666666666,0.625,0.04166666666666663,6.249999999999995
55,3,24,16,60,10,1,1,55,85,4538,0.6666666666666666,0.625,0.04166666666666663,6.249999999999995
56,6,21,18,61,10,1,1,56,86,4624,0.75,0.6666666666666666,0.08333333333333337,11.111111111111116
57,7,19,16,65,10,1,1,57,90,4714,0.8,0.7,0.10000000000000009,12.50000000000001
58,4,21,16,63,10,1,1,58,89,4803,0.7272727272727273,0.6666666666666666,0.06060606060606066,8.333333333333341
59,2,22,14,64,10,1,1,59,66,4869,0.7,0.6666666666666666,0.033333333333333326,4.761904761904761
60,4,22,14,64,10,1,1,60,76,4945,0.6923076923076923,0.6666666666666666,0.02564102564102566,3.703703703703707
61,5,21,16,63,10,1,1,61,91,5036,0.7777777777777778,0.6666666666666666,0.11111111111111116,14.28571428571429
62,3,22,15,63,10,1,1,62,70,5106,0.6923076923076923,0.6666666666666666,0.02564102564102566,3.703703703703707
63,6,18,16,66,10,1,1,63,90,5196,0.7777777777777778,0.7,0.07777777777777783,10.000000000000007
64,6,21,11,68,10,1,1,64,88,5284,0.8333333333333334,0.7,0.13333333333333341,16.000000000000007
65,4,20,12,68,10,1,1,65,84,5368,0.8,0.7,0.10000000000000009,12.50000000000001
66,6,20,12,68,10,1,1,66,92,5460,0.8,0.7,0.10000000000000009,12.50000000000001
67,3,22,12,66,10,1,1,67,87,5547,0.7,0.6666666666666666,0.033333333333333326,4.761904761904761
68,4,23,11,66,10,1,1,68,80,5627,0.7777777777777778,0.6666666666666666,0.11111111111111116,14.28571428571429
69,4,21,14,65,10,1,1,69,84,5711,0.7777777777777778,0.6666666666666666,0.11111111111111116,14.28571428571429
70,4,23,12,65,10,1,1,70,80,5791,0.7272727272727273,0.6666666666666666,0.06060606060606066,8.333333333333341
71,6,28,11,61,10,1,1,71,93,5884,0.6923076923076923,0.6363636363636364,0.05594405594405594,8.08080808080808
72,5,28,8,64,10,1,1,72,83,5967,0.8181818181818182,0.7142857142857143,0.10389610389610393,12.698412698412701
73,4,26,10,64,10,1,1,73,88,6055,0.7272727272727273,0.6666666666666666,0.06060606060606066,8.333333333333341
74,5,24,12,64,10,1,1,74,92,6147,0.75,0.6666666666666666,0.08333333333333337,11.111111111111116
75,7,20,11,69,10,1,1,75,87,6234,0.75,0.7,0.050000000000000044,6.666666666666672
76,5,23,8,69,10,1,1,76,80,6314,0.8,0.75,0.050000000000000044,6.250000000000005
77,4,25,5,70,10,1,1,77,74,6388,0.7777777777777778,0.75,0.02777777777777779,3.5714285714285725
78,6,28,6,66,10,1,1,78,86,6474,0.75,0.7142857142857143,0.0357142857142857,4.761904761904759
79,8,25,8,67,10,1,1,79,88,6562,0.8571428571428571,0.7142857142857143,0.1428571428571428,16.66666666666666
80,3,24,9,67,10,1,1,80,91,6653,0.7777777777777778,0.7142857142857143,0.06349206349206349,8.16326530612245
81,5,28,6,66,10,1,1,81,89,6742,0.75,0.7142857142857143,0.0357142857142857,4.761904761904759
82,3,28,7,65,10,1,1,82,77,6819,0.7142857142857143,0.7142857142857143,0.0,0.0
83,3,28,8,64,10,1,1,83,89,6908,0.7272727272727273,0.6666666666666666,0.06060606060606066,8.333333333333341
84,3,27,8,65,10,1,1,84,88,6996,0.8181818181818182,0.7142857142857143,0.10389610389610393,12.698412698412701
85,4,27,9,64,10,1,1,85,41,7037,0.8571428571428571,0.7142857142857143,0.1428571428571428,16.66666666666666
86,6,25,12,63,10,1,1,86,88,7125,0.7272727272727273,0.6666666666666666,0.06060606060606066,8.333333333333341
87,5,23,13,64,10,1,1,87,81,7206,0.75,0.6666666666666666,0.08333333333333337,11.111111111111116
88,5,19,17,64,10,1,1,88,82,7288,0.7777777777777778,0.6666666666666666,0.11111111111111116,14.28571428571429
89,5,18,17,65,10,1,1,89,78,7366,0.7777777777777778,0.6666666666666666,0.11111111111111116,14.28571428571429
90,7,20,14,66,10,1,1,90,93,7459,0.7272727272727273,0.7,0.027272727272727337,3.750000000000009
91,2,18,15,67,10,1,1,91,89,7548,0.7272727272727273,0.7,0.027272727272727337,3.750000000000009
92,6,17,13,70,10,1,1,92,81,7629,0.8333333333333334,0.7272727272727273,0.10606060606060608,12.727272727272728
93,4,17,14,69,10,1,1,93,70,7699,0.8571428571428571,0.7272727272727273,0.1298701298701298,15.151515151515143
94,3,18,14,68,10,1,1,94,85,7784,0.8571428571428571,0.7,0.15714285714285714,18.333333333333336
95,4,18,15,67,10,1,1,95,91,7875,0.8333333333333334,0.7,0.13333333333333341,16.000000000000007
96,3,16,14,70,10,1,1,96,85,7960,0.8,0.7272727272727273,0.07272727272727275,9.090909090909093
97,7,19,12,69,10,1,1,97,82,8042,0.8571428571428571,0.7142857142857143,0.1428571428571428,16.66666666666666
98,3,18,14,68,10,1,1,98,80,8122,0.7142857142857143,0.7,0.014285714285714346,2.0000000000000084
99,5,18,15,67,10,1,1,99,69,8191,0.8,0.7,0.10000000000000009,12.50000000000001
100,4,18,15,67,10,1,1,100,50,8241,0.7272727272727273,0.7,0.027272727272727337,3.750000000000009
