w_nc,w_tr,run,seed,max_non_compliant_concentration,mean_non_compliant_concentration,cluster_size_std,cluster_size_range
0.5,0.0,1,6000,0.1111111111111111,0.10075757575757575,0.9428090415820634,3
0.5,0.0,2,6001,0.1111111111111111,0.10095959595959596,1.0540925533894598,3
0.5,0.0,3,6002,0.1111111111111111,0.1006060606060606,0.816496580927726,2
0.5,0.0,4,6003,0.1111111111111111,0.1008080808080808,0.9428090415820634,2
0.5,0.0,5,6004,0.1111111111111111,0.10040404040404041,0.6666666666666666,2
0.5,0.0,6,6005,0.1111111111111111,0.10055555555555556,0.816496580927726,3
0.5,0.0,7,6006,0.1111111111111111,0.10075757575757575,0.9428090415820634,3
0.5,0.0,8,6007,0.1111111111111111,0.10095959595959596,1.0540925533894598,3
0.5,0.0,9,6008,0.1111111111111111,0.10020202020202021,0.4714045207910317,2
0.5,0.0,10,6009,0.1111111111111111,0.10020202020202021,0.4714045207910317,2
0.5,0.0,11,6010,0.125,0.10088383838383838,0.9428090415820634,3
0.5,0.0,12,6011,0.125,0.10108585858585858,1.0540925533894598,3
0.5,0.0,13,6012,0.1111111111111111,0.10075757575757575,0.9428090415820634,3
0.5,0.0,14,6013,0.1111111111111111,0.10075757575757575,0.9428090415820634,3
0.5,0.0,15,6014,0.1111111111111111,0.1006060606060606,0.816496580927726,2
0.5,0.0,16,6015,0.1111111111111111,0.1006060606060606,0.816496580927726,2
0.5,0.0,17,6016,0.1111111111111111,0.10040404040404041,0.6666666666666666,2
0.5,0.0,18,6017,0.1111111111111111,0.1006060606060606,0.816496580927726,2
0.5,0.0,19,6018,0.1111111111111111,0.10095959595959596,1.0540925533894598,3
0.5,0.0,20,6019,0.1111111111111111,0.10040404040404041,0.6666666666666666,2
0.5,0.0,21,6020,0.1111111111111111,0.10095959595959596,1.0540925533894598,3
0.5,0.0,22,6021,0.1111111111111111,0.10020202020202021,0.4714045207910317,2
0.5,0.0,23,6022,0.1111111111111111,0.10116161616161616,1.1547005383792515,3
0.5,0.0,24,6023,0.1111111111111111,0.1006060606060606,0.816496580927726,2
0.5,0.0,25,6024,0.1111111111111111,0.1008080808080808,0.9428090415820634,2
0.5,0.0,26,6025,0.125,0.10171717171717172,1.3333333333333333,4
0.5,0.0,27,6026,0.1111111111111111,0.10055555555555556,0.816496580927726,3
0.5,0.0,28,6027,0.1111111111111111,0.1006060606060606,0.816496580927726,2
0.5,0.0,29,6028,0.1111111111111111,0.1008080808080808,0.9428090415820634,2
0.5,0.0,30,6029,0.1111111111111111,0.10116161616161616,1.1547005383792515,3
0.5,0.25,1,7000,0.1111111111111111,0.10075757575757575,0.9428090415820634,3
0.5,0.25,2,7001,0.1111111111111111,0.10020202020202021,0.4714045207910317,2
0.5,0.25,3,7002,0.1111111111111111,0.10040404040404041,0.6666666666666666,2
0.5,0.25,4,7003,0.1111111111111111,0.1008080808080808,0.9428090415820634,2
0.5,0.25,5,7004,0.1111111111111111,0.10040404040404041,0.6666666666666666,2
0.5,0.25,6,7005,0.1111111111111111,0.10040404040404041,0.6666666666666666,2
0.5,0.25,7,7006,0.1111111111111111,0.10040404040404041,0.6666666666666666,2
0.5,0.25,8,7007,0.1111111111111111,0.10020202020202021,0.4714045207910317,2
0.5,0.25,9,7008,0.125,0.1017074592074592,1.4142135623730951,5
0.5,0.25,10,7009,0.1111111111111111,0.1006060606060606,0.816496580927726,2
0.5,0.25,11,7010,0.1111111111111111,0.10055555555555556,0.816496580927726,3
0.5,0.25,12,7011,0.1111111111111111,0.1006060606060606,0.816496580927726,2
0.5,0.25,13,7012,0.16666666666666666,0.09595959595959597,1.3333333333333333,5
0.5,0.25,14,7013,0.1111111111111111,0.10075757575757575,0.9428090415820634,3
0.5,0.25,15,7014,0.1111111111111111,0.10040404040404041,0.6666666666666666,2
0.5,0.25,16,7015,0.1111111111111111,0.1006060606060606,0.816496580927726,2
0.5,0.25,17,7016,0.1111111111111111,0.10040404040404041,0.6666666666666666,2
0.5,0.25,18,7017,0.1111111111111111,0.10020202020202021,0.4714045207910317,2
0.5,0.25,19,7018,0.1111111111111111,0.10040404040404041,0.6666666666666666,2
0.5,0.25,20,7019,0.16666666666666666,0.09722222222222222,1.247219128924647,4
0.5,0.25,21,7020,0.1111111111111111,0.10040404040404041,0.6666666666666666,2
0.5,0.25,22,7021,0.1111111111111111,0.1006060606060606,0.816496580927726,2
0.5,0.25,23,7022,0.1111111111111111,0.1006060606060606,0.816496580927726,2
0.5,0.25,24,7023,0.1111111111111111,0.10095959595959596,1.0540925533894598,3
0.5,0.25,25,7024,0.1111111111111111,0.10116161616161616,1.1547005383792515,3
0.5,0.25,26,7025,0.1111111111111111,0.10040404040404041,0.6666666666666666,2
0.5,0.25,27,7026,0.1111111111111111,0.10040404040404041,0.6666666666666666,2
0.5,0.25,28,7027,0.1111111111111111,0.10040404040404041,0.6666666666666666,2
0.5,0.25,29,7028,0.125,0.10138888888888889,1.247219128924647,4
0.5,0.25,30,7029,0.1111111111111111,0.1006060606060606,0.816496580927726,2
0.5,0.5,1,8000,0.16666666666666666,0.09742424242424243,1.3333333333333333,4
0.5,0.5,2,8001,0.15384615384615385,0.0968997668997669,1.4142135623730951,5
0.5,0.5,3,8002,0.16666666666666666,0.09742424242424243,1.3333333333333333,4
0.5,0.5,4,8003,0.16666666666666666,0.09707070707070707,1.1547005383792515,4
0.5,0.5,5,8004,0.1111111111111111,0.10040404040404041,0.6666666666666666,2
0.5,0.5,6,8005,0.15384615384615385,0.0968997668997669,1.4142135623730951,5
0.5,0.5,7,8006,0.1111111111111111,0.10040404040404041,0.6666666666666666,2
0.5,0.5,8,8007,0.1111111111111111,0.10020202020202021,0.4714045207910317,2
0.5,0.5,9,8008,0.16666666666666666,0.09707070707070707,1.1547005383792515,4
0.5,0.5,10,8009,0.16666666666666666,0.09595959595959597,1.3333333333333333,5
0.5,0.5,11,8010,0.16666666666666666,0.09707070707070707,1.1547005383792515,4
0.5,0.5,12,8011,0.18181818181818182,0.09747474747474748,0.9428090415820634,3
0.5,0.5,13,8012,0.16666666666666666,0.09707070707070707,1.1547005383792515,4
0.5,0.5,14,8013,0.1111111111111111,0.10020202020202021,0.4714045207910317,2
0.5,0.5,15,8014,0.16666666666666666,0.09707070707070707,1.1547005383792515,4
0.5,0.5,16,8015,0.1111111111111111,0.1006060606060606,0.816496580927726,2
0.5,0.5,17,8016,0.1111111111111111,0.10040404040404041,0.6666666666666666,2
0.5,0.5,18,8017,0.16666666666666666,0.0975,1.3333333333333333,4
0.5,0.5,19,8018,0.16666666666666666,0.09707070707070707,1.1547005383792515,4
0.5,0.5,20,8019,0.16666666666666666,0.09686868686868687,1.0540925533894598,4
0.5,0.5,21,8020,0.16666666666666666,0.09464646464646465,1.3333333333333333,4
0.5,0.5,22,8021,0.16666666666666666,0.09686868686868687,1.0540925533894598,4
0.5,0.5,23,8022,0.15384615384615385,0.0964957264957265,1.247219128924647,5
0.5,0.5,24,8023,0.16666666666666666,0.09686868686868687,1.0540925533894598,4
0.5,0.5,25,8024,0.15384615384615385,0.0966977466977467,1.3333333333333333,5
0.5,0.5,26,8025,0.1111111111111111,0.10040404040404041,0.6666666666666666,2
0.5,0.5,27,8026,0.16666666666666666,0.09686868686868687,1.0540925533894598,4
0.5,0.5,28,8027,0.15384615384615385,0.0966977466977467,1.3333333333333333,5
0.5,0.5,29,8028,0.18181818181818182,0.09747474747474748,0.9428090415820634,3
0.5,0.5,30,8029,0.1111111111111111,0.10020202020202021,0.4714045207910317,2
0.5,1.0,1,9000,0.16666666666666666,0.09666666666666666,0.9428090415820634,4
0.5,1.0,2,9001,0.16666666666666666,0.09333333333333334,1.3333333333333333,4
0.5,1.0,3,9002,0.16666666666666666,0.09666666666666666,0.9428090415820634,4
0.5,1.0,4,9003,0.16666666666666666,0.09,1.632993161855452,4
0.5,1.0,5,9004,0.16666666666666666,0.09333333333333334,1.3333333333333333,4
0.5,1.0,6,9005,0.16666666666666666,0.09,1.632993161855452,4
0.5,1.0,7,9006,0.16666666666666666,0.09,1.632993161855452,4
0.5,1.0,8,9007,0.16666666666666666,0.09333333333333334,1.3333333333333333,4
0.5,1.0,9,9008,0.16666666666666666,0.09333333333333334,1.3333333333333333,4
0.5,1.0,10,9009,0.18181818181818182,0.09484848484848485,1.0540925533894598,4
0.5,1.0,11,9010,0.16666666666666666,0.09333333333333334,1.3333333333333333,4
0.5,1.0,12,9011,0.16666666666666666,0.09333333333333334,1.3333333333333333,4
0.5,1.0,13,9012,0.16666666666666666,0.09333333333333334,1.3333333333333333,4
0.5,1.0,14,9013,0.16666666666666666,0.09,1.632993161855452,4
0.5,1.0,15,9014,0.16666666666666666,0.09,1.632993161855452,4
0.5,1.0,16,9015,0.16666666666666666,0.09333333333333334,1.3333333333333333,4
0.5,1.0,17,9016,0.18181818181818182,0.09818181818181819,0.4714045207910317,2
0.5,1.0,18,9017,0.16666666666666666,0.09,1.632993161855452,4
0.5,1.0,19,9018,0.16666666666666666,0.09333333333333334,1.3333333333333333,4
0.5,1.0,20,9019,0.16666666666666666,0.09,1.632993161855452,4
0.5,1.0,21,9020,0.16666666666666666,0.09666666666666666,0.9428090415820634,4
0.5,1.0,22,9021,0.16666666666666666,0.09333333333333334,1.3333333333333333,4
0.5,1.0,23,9022,0.16666666666666666,0.09333333333333334,1.3333333333333333,4
0.5,1.0,24,9023,0.16666666666666666,0.09333333333333334,1.3333333333333333,4
0.5,1.0,25,9024,0.16666666666666666,0.09333333333333334,1.3333333333333333,4
0.5,1.0,26,9025,0.16666666666666666,0.09333333333333334,1.3333333333333333,4
0.5,1.0,27,9026,0.16666666666666666,0.09666666666666666,0.9428090415820634,4
0.5,1.0,28,9027,0.16666666666666666,0.09666666666666666,0.9428090415820634,4
0.5,1.0,29,9028,0.16666666666666666,0.09,1.632993161855452,4
0.5,1.0,30,9029,0.16666666666666666,0.09,1.632993161855452,4
0.5,2.0,1,10000,0.23076923076923078,0.08615384615384616,1.7638342073763937,5
0.5,2.0,2,10001,0.2857142857142857,0.08164835164835164,2.0,6
0.5,2.0,3,10002,0.23076923076923078,0.07923076923076923,2.160246899469287,5
0.5,2.0,4,10003,0.23076923076923078,0.09307692307692308,1.247219128924647,5
0.5,2.0,5,10004,0.26666666666666666,0.07666666666666666,2.5385910352879693,7
0.5,2.0,6,10005,0.23076923076923078,0.07923076923076923,2.160246899469287,5
0.5,2.0,7,10006,0.3125,0.08125,2.260776661041756,8
0.5,2.0,8,10007,0.3125,0.07432692307692308,2.581988897471611,8
0.5,2.0,9,10008,0.3333333333333333,0.08151515151515151,1.9436506316151,7
0.5,2.0,10,10009,0.2857142857142857,0.08164835164835164,2.0,6
0.5,2.0,11,10010,0.2857142857142857,0.08857142857142858,1.563471919941143,6
0.5,2.0,12,10011,0.2857142857142857,0.07472527472527472,2.3570226039551585,6
0.5,2.0,13,10012,0.23076923076923078,0.09307692307692308,1.247219128924647,5
0.5,2.0,14,10013,0.23076923076923078,0.07923076923076923,2.160246899469287,5
0.5,2.0,15,10014,0.23076923076923078,0.08792540792540793,1.632993161855452,5
0.5,2.0,16,10015,0.23076923076923078,0.08615384615384616,1.7638342073763937,5
0.5,2.0,17,10016,0.23076923076923078,0.08615384615384616,1.7638342073763937,5
0.5,2.0,18,10017,0.2857142857142857,0.08164835164835164,2.0,6
0.5,2.0,19,10018,0.2857142857142857,0.07714285714285714,2.2110831935702664,6
0.5,2.0,20,10019,0.2857142857142857,0.07714285714285714,2.2110831935702664,6
0.5,2.0,21,10020,0.23076923076923078,0.08615384615384616,1.7638342073763937,5
0.5,2.0,22,10021,0.2857142857142857,0.08857142857142858,1.563471919941143,6
0.5,2.0,23,10022,0.26666666666666666,0.07641025641025641,2.494438257849294,7
0.5,2.0,24,10023,0.23076923076923078,0.08615384615384616,1.7638342073763937,5
0.5,2.0,25,10024,0.45454545454545453,0.08787878787878788,1.563471919941143,4
0.5,2.0,26,10025,0.3125,0.07099358974358974,2.748737083745107,8
0.5,2.0,27,10026,0.23076923076923078,0.09125874125874127,1.3333333333333333,5
0.5,2.0,28,10027,0.23076923076923078,0.08282051282051282,2.0,5
0.5,2.0,29,10028,0.23076923076923078,0.07948717948717948,2.2110831935702664,5
0.5,2.0,30,10029,0.23076923076923078,0.09125874125874127,1.3333333333333333,5
1.0,0.0,1,11000,0.1111111111111111,0.1006060606060606,0.816496580927726,2
1.0,0.0,2,11001,0.1111111111111111,0.10040404040404041,0.6666666666666666,2
1.0,0.0,3,11002,0.1111111111111111,0.10040404040404041,0.6666666666666666,2
1.0,0.0,4,11003,0.1111111111111111,0.1006060606060606,0.816496580927726,2
1.0,0.0,5,11004,0.1111111111111111,0.10040404040404041,0.6666666666666666,2
1.0,0.0,6,11005,0.125,0.10088383838383838,0.9428090415820634,3
1.0,0.0,7,11006,0.1111111111111111,0.10040404040404041,0.6666666666666666,2
1.0,0.0,8,11007,0.125,0.10128787878787879,1.1547005383792515,3
1.0,0.0,9,11008,0.1111111111111111,0.10040404040404041,0.6666666666666666,2
1.0,0.0,10,11009,0.1111111111111111,0.10040404040404041,0.6666666666666666,2
1.0,0.0,11,11010,0.1111111111111111,0.10075757575757575,0.9428090415820634,3
1.0,0.0,12,11011,0.1111111111111111,0.1006060606060606,0.816496580927726,2
1.0,0.0,13,11012,0.1111111111111111,0.1008080808080808,0.9428090415820634,2
1.0,0.0,14,11013,0.1111111111111111,0.10040404040404041,0.6666666666666666,2
1.0,0.0,15,11014,0.1111111111111111,0.10075757575757575,0.9428090415820634,3
1.0,0.0,16,11015,0.1111111111111111,0.10040404040404041,0.6666666666666666,2
1.0,0.0,17,11016,0.1111111111111111,0.10040404040404041,0.6666666666666666,2
1.0,0.0,18,11017,0.125,0.10088383838383838,0.9428090415820634,3
1.0,0.0,19,11018,0.1111111111111111,0.1006060606060606,0.816496580927726,2
1.0,0.0,20,11019,0.1111111111111111,0.1006060606060606,0.816496580927726,2
1.0,0.0,21,11020,0.1111111111111111,0.1006060606060606,0.816496580927726,2
1.0,0.0,22,11021,0.1111111111111111,0.10040404040404041,0.6666666666666666,2
1.0,0.0,23,11022,0.1111111111111111,0.10040404040404041,0.6666666666666666,2
1.0,0.0,24,11023,0.1111111111111111,0.10040404040404041,0.6666666666666666,2
1.0,0.0,25,11024,0.1111111111111111,0.1006060606060606,0.816496580927726,2
1.0,0.0,26,11025,0.1111111111111111,0.1008080808080808,0.9428090415820634,2
1.0,0.0,27,11026,0.125,0.10123737373737374,1.1547005383792515,4
1.0,0.0,28,11027,0.1111111111111111,0.10095959595959596,1.0540925533894598,3
1.0,0.0,29,11028,0.1111111111111111,0.10055555555555556,0.816496580927726,3
1.0,0.0,30,11029,0.1111111111111111,0.10075757575757575,0.9428090415820634,3
1.0,0.25,1,12000,0.1111111111111111,0.10020202020202021,0.4714045207910317,2
1.0,0.25,2,12001,0.1111111111111111,0.1006060606060606,0.816496580927726,2
1.0,0.25,3,12002,0.1111111111111111,0.1006060606060606,0.816496580927726,2
1.0,0.25,4,12003,0.1111111111111111,0.10075757575757575,0.9428090415820634,3
1.0,0.25,5,12004,0.1111111111111111,0.10040404040404041,0.6666666666666666,2
1.0,0.25,6,12005,0.1111111111111111,0.10020202020202021,0.4714045207910317,2
1.0,0.25,7,12006,0.1111111111111111,0.10020202020202021,0.4714045207910317,2
1.0,0.25,8,12007,0.1111111111111111,0.1006060606060606,0.816496580927726,2
1.0,0.25,9,12008,0.1111111111111111,0.1006060606060606,0.816496580927726,2
1.0,0.25,10,12009,0.1,0.1,0.0,0
1.0,0.25,11,12010,0.1111111111111111,0.10075757575757575,0.9428090415820634,3
1.0,0.25,12,12011,0.1111111111111111,0.10111111111111111,1.1547005383792515,3
1.0,0.25,13,12012,0.1111111111111111,0.10075757575757575,0.9428090415820634,3
1.0,0.25,14,12013,0.1111111111111111,0.10040404040404041,0.6666666666666666,2
1.0,0.25,15,12014,0.125,0.10123737373737374,1.1547005383792515,4
1.0,0.25,16,12015,0.1111111111111111,0.10040404040404041,0.6666666666666666,2
1.0,0.25,17,12016,0.125,0.10123737373737374,1.1547005383792515,4
1.0,0.25,18,12017,0.1111111111111111,0.1006060606060606,0.816496580927726,2
1.0,0.25,19,12018,0.1111111111111111,0.1006060606060606,0.816496580927726,2
1.0,0.25,20,12019,0.1111111111111111,0.10040404040404041,0.6666666666666666,2
1.0,0.25,21,12020,0.1111111111111111,0.10040404040404041,0.6666666666666666,2
1.0,0.25,22,12021,0.1111111111111111,0.10020202020202021,0.4714045207910317,2
1.0,0.25,23,12022,0.1111111111111111,0.1006060606060606,0.816496580927726,2
1.0,0.25,24,12023,0.1111111111111111,0.1006060606060606,0.816496580927726,2
1.0,0.25,25,12024,0.1111111111111111,0.10040404040404041,0.6666666666666666,2
1.0,0.25,26,12025,0.1111111111111111,0.10020202020202021,0.4714045207910317,2
1.0,0.25,27,12026,0.1111111111111111,0.1006060606060606,0.816496580927726,2
1.0,0.25,28,12027,0.1111111111111111,0.10040404040404041,0.6666666666666666,2
1.0,0.25,29,12028,0.1111111111111111,0.10040404040404041,0.6666666666666666,2
1.0,0.25,30,12029,0.1,0.1,0.0,0
1.0,0.5,1,13000,0.1111111111111111,0.10020202020202021,0.4714045207910317,2
1.0,0.5,2,13001,0.1111111111111111,0.10040404040404041,0.6666666666666666,2
1.0,0.5,3,13002,0.1111111111111111,0.10040404040404041,0.6666666666666666,2
1.0,0.5,4,13003,0.1111111111111111,0.1006060606060606,0.816496580927726,2
1.0,0.5,5,13004,0.1111111111111111,0.10040404040404041,0.6666666666666666,2
1.0,0.5,6,13005,0.1111111111111111,0.10040404040404041,0.6666666666666666,2
1.0,0.5,7,13006,0.1111111111111111,0.10040404040404041,0.6666666666666666,2
1.0,0.5,8,13007,0.14285714285714285,0.10258408258408258,1.632993161855452,6
1.0,0.5,9,13008,0.1111111111111111,0.10040404040404041,0.6666666666666666,2
1.0,0.5,10,13009,0.1111111111111111,0.10055555555555556,0.816496580927726,3
1.0,0.5,11,13010,0.1111111111111111,0.10055555555555556,0.816496580927726,3
1.0,0.5,12,13011,0.1111111111111111,0.10020202020202021,0.4714045207910317,2
1.0,0.5,13,13012,0.1111111111111111,0.1008080808080808,0.9428090415820634,2
1.0,0.5,14,13013,0.1111111111111111,0.1006060606060606,0.816496580927726,2
1.0,0.5,15,13014,0.1111111111111111,0.10040404040404041,0.6666666666666666,2
1.0,0.5,16,13015,0.1111111111111111,0.1006060606060606,0.816496580927726,2
1.0,0.5,17,13016,0.1111111111111111,0.10040404040404041,0.6666666666666666,2
1.0,0.5,18,13017,0.1,0.1,0.0,0
1.0,0.5,19,13018,0.1111111111111111,0.10040404040404041,0.6666666666666666,2
1.0,0.5,20,13019,0.1111111111111111,0.1006060606060606,0.816496580927726,2
1.0,0.5,21,13020,0.1111111111111111,0.10040404040404041,0.6666666666666666,2
1.0,0.5,22,13021,0.1111111111111111,0.10040404040404041,0.6666666666666666,2
1.0,0.5,23,13022,0.1111111111111111,0.10055555555555556,0.816496580927726,3
1.0,0.5,24,13023,0.1111111111111111,0.10040404040404041,0.6666666666666666,2
1.0,0.5,25,13024,0.1111111111111111,0.1006060606060606,0.816496580927726,2
1.0,0.5,26,13025,0.1111111111111111,0.10020202020202021,0.4714045207910317,2
1.0,0.5,27,13026,0.1111111111111111,0.1006060606060606,0.816496580927726,2
1.0,0.5,28,13027,0.1111111111111111,0.10040404040404041,0.6666666666666666,2
1.0,0.5,29,13028,0.125,0.10103535353535353,1.0540925533894598,4
1.0,0.5,30,13029,0.1111111111111111,0.10040404040404041,0.6666666666666666,2
1.0,1.0,1,14000,0.16666666666666666,0.09707070707070707,1.1547005383792515,4
1.0,1.0,2,14001,0.1111111111111111,0.1008080808080808,0.9428090415820634,2
1.0,1.0,3,14002,0.16666666666666666,0.09707070707070707,1.1547005383792515,4
1.0,1.0,4,14003,0.1111111111111111,0.10040404040404041,0.6666666666666666,2
1.0,1.0,5,14004,0.16666666666666666,0.09616161616161616,1.4142135623730951,5
1.0,1.0,6,14005,0.16666666666666666,0.09707070707070707,1.1547005383792515,4
1.0,1.0,7,14006,0.16666666666666666,0.09686868686868687,1.0540925533894598,4
1.0,1.0,8,14007,0.15384615384615385,0.0964957264957265,1.247219128924647,5
1.0,1.0,9,14008,0.16666666666666666,0.09707070707070707,1.1547005383792515,4
1.0,1.0,10,14009,0.1,0.1,0.0,0
1.0,1.0,11,14010,0.16666666666666666,0.09686868686868687,1.0540925533894598,4
1.0,1.0,12,14011,0.16666666666666666,0.09686868686868687,1.0540925533894598,4
1.0,1.0,13,14012,0.16666666666666666,0.09686868686868687,1.0540925533894598,4
1.0,1.0,14,14013,0.1111111111111111,0.10020202020202021,0.4714045207910317,2
1.0,1.0,15,14014,0.16666666666666666,0.09686868686868687,1.0540925533894598,4
1.0,1.0,16,14015,0.1111111111111111,0.10020202020202021,0.4714045207910317,2
1.0,1.0,17,14016,0.1111111111111111,0.10040404040404041,0.6666666666666666,2
1.0,1.0,18,14017,0.1111111111111111,0.10020202020202021,0.4714045207910317,2
1.0,1.0,19,14018,0.1111111111111111,0.10040404040404041,0.6666666666666666,2
1.0,1.0,20,14019,0.16666666666666666,0.09686868686868687,1.0540925533894598,4
1.0,1.0,21,14020,0.16666666666666666,0.09336441336441337,1.632993161855452,5
1.0,1.0,22,14021,0.16666666666666666,0.09707070707070707,1.1547005383792515,4
1.0,1.0,23,14022,0.1111111111111111,0.10040404040404041,0.6666666666666666,2
1.0,1.0,24,14023,0.15384615384615385,0.0966977466977467,1.3333333333333333,5
1.0,1.0,25,14024,0.1111111111111111,0.1008080808080808,0.9428090415820634,2
1.0,1.0,26,14025,0.1111111111111111,0.10040404040404041,0.6666666666666666,2
1.0,1.0,27,14026,0.15384615384615385,0.0964957264957265,1.247219128924647,5
1.0,1.0,28,14027,0.1111111111111111,0.10040404040404041,0.6666666666666666,2
1.0,1.0,29,14028,0.16666666666666666,0.09666666666666666,0.9428090415820634,4
1.0,1.0,30,14029,0.1111111111111111,0.10040404040404041,0.6666666666666666,2
1.0,2.0,1,15000,0.21428571428571427,0.08476190476190476,2.1081851067789197,6
1.0,2.0,2,15001,0.21428571428571427,0.09142857142857143,1.632993161855452,6
1.0,2.0,3,15002,0.16666666666666666,0.09333333333333334,1.3333333333333333,4
1.0,2.0,4,15003,0.16666666666666666,0.09,1.632993161855452,4
1.0,2.0,5,15004,0.16666666666666666,0.09,1.632993161855452,4
1.0,2.0,6,15005,0.16666666666666666,0.09666666666666666,0.9428090415820634,4
1.0,2.0,7,15006,0.16666666666666666,0.09,1.632993161855452,4
1.0,2.0,8,15007,0.16666666666666666,0.09,1.632993161855452,4
1.0,2.0,9,15008,0.21428571428571427,0.0880952380952381,1.8856180831641267,6
1.0,2.0,10,15009,0.16666666666666666,0.09666666666666666,0.9428090415820634,4
1.0,2.0,11,15010,0.16666666666666666,0.09333333333333334,1.3333333333333333,4
1.0,2.0,12,15011,0.25,0.10166666666666667,1.0540925533894598,4
1.0,2.0,13,15012,0.16666666666666666,0.09666666666666666,0.9428090415820634,4
1.0,2.0,14,15013,0.16666666666666666,0.09333333333333334,1.3333333333333333,4
1.0,2.0,15,15014,0.16666666666666666,0.09,1.632993161855452,4
1.0,2.0,16,15015,0.16666666666666666,0.09333333333333334,1.3333333333333333,4
1.0,2.0,17,15016,0.16666666666666666,0.09333333333333334,1.3333333333333333,4
1.0,2.0,18,15017,0.16666666666666666,0.09333333333333334,1.3333333333333333,4
1.0,2.0,19,15018,0.21428571428571427,0.08476190476190476,2.1081851067789197,6
1.0,2.0,20,15019,0.16666666666666666,0.09666666666666666,0.9428090415820634,4
1.0,2.0,21,15020,0.16666666666666666,0.09666666666666666,0.9428090415820634,4
1.0,2.0,22,15021,0.16666666666666666,0.09666666666666666,0.9428090415820634,4
1.0,2.0,23,15022,0.21428571428571427,0.0880952380952381,1.8856180831641267,6
1.0,2.0,24,15023,0.16666666666666666,0.09666666666666666,0.9428090415820634,4
1.0,2.0,25,15024,0.16666666666666666,0.09,1.632993161855452,4
1.0,2.0,26,15025,0.16666666666666666,0.09666666666666666,0.9428090415820634,4
1.0,2.0,27,15026,0.16666666666666666,0.09333333333333334,1.3333333333333333,4
1.0,2.0,28,15027,0.16666666666666666,0.09,1.632993161855452,4
1.0,2.0,29,15028,0.16666666666666666,0.09333333333333334,1.3333333333333333,4
1.0,2.0,30,15029,0.16666666666666666,0.09333333333333334,1.3333333333333333,4
2.0,0.0,1,16000,0.1111111111111111,0.10075757575757575,0.9428090415820634,3
2.0,0.0,2,16001,0.125,0.10138888888888889,1.247219128924647,4
2.0,0.0,3,16002,0.1111111111111111,0.10020202020202021,0.4714045207910317,2
2.0,0.0,4,16003,0.1111111111111111,0.1006060606060606,0.816496580927726,2
2.0,0.0,5,16004,0.1111111111111111,0.10020202020202021,0.4714045207910317,2
2.0,0.0,6,16005,0.125,0.10123737373737374,1.1547005383792515,4
2.0,0.0,7,16006,0.1111111111111111,0.10040404040404041,0.6666666666666666,2
2.0,0.0,8,16007,0.125,0.10088383838383838,0.9428090415820634,3
2.0,0.0,9,16008,0.1111111111111111,0.1006060606060606,0.816496580927726,2
2.0,0.0,10,16009,0.125,0.10123737373737374,1.1547005383792515,4
2.0,0.0,11,16010,0.1111111111111111,0.10095959595959596,1.0540925533894598,3
2.0,0.0,12,16011,0.125,0.10103535353535353,1.0540925533894598,4
2.0,0.0,13,16012,0.125,0.10123737373737374,1.1547005383792515,4
2.0,0.0,14,16013,0.1111111111111111,0.10040404040404041,0.6666666666666666,2
2.0,0.0,15,16014,0.125,0.10159090909090909,1.3333333333333333,4
2.0,0.0,16,16015,0.1111111111111111,0.1006060606060606,0.816496580927726,2
2.0,0.0,17,16016,0.125,0.10138888888888889,1.247219128924647,4
2.0,0.0,18,16017,0.1111111111111111,0.10040404040404041,0.6666666666666666,2
2.0,0.0,19,16018,0.1111111111111111,0.10040404040404041,0.6666666666666666,2
2.0,0.0,20,16019,0.1111111111111111,0.1006060606060606,0.816496580927726,2
2.0,0.0,21,16020,0.1,0.1,0.0,0
2.0,0.0,22,16021,0.1111111111111111,0.10040404040404041,0.6666666666666666,2
2.0,0.0,23,16022,0.1111111111111111,0.10116161616161616,1.1547005383792515,3
2.0,0.0,24,16023,0.1111111111111111,0.10040404040404041,0.6666666666666666,2
2.0,0.0,25,16024,0.1111111111111111,0.10040404040404041,0.6666666666666666,2
2.0,0.0,26,16025,0.125,0.10123737373737374,1.1547005383792515,4
2.0,0.0,27,16026,0.1111111111111111,0.10040404040404041,0.6666666666666666,2
2.0,0.0,28,16027,0.1111111111111111,0.1006060606060606,0.816496580927726,2
2.0,0.0,29,16028,0.1111111111111111,0.10040404040404041,0.6666666666666666,2
2.0,0.0,30,16029,0.1111111111111111,0.1006060606060606,0.816496580927726,2
2.0,0.25,1,17000,0.1111111111111111,0.10102564102564103,1.1547005383792515,4
2.0,0.25,2,17001,0.1111111111111111,0.10040404040404041,0.6666666666666666,2
2.0,0.25,3,17002,0.1111111111111111,0.1006060606060606,0.816496580927726,2
2.0,0.25,4,17003,0.1111111111111111,0.10040404040404041,0.6666666666666666,2
2.0,0.25,5,17004,0.1111111111111111,0.10020202020202021,0.4714045207910317,2
2.0,0.25,6,17005,0.125,0.10103535353535353,1.0540925533894598,4
2.0,0.25,7,17006,0.1111111111111111,0.10020202020202021,0.4714045207910317,2
2.0,0.25,8,17007,0.1111111111111111,0.10040404040404041,0.6666666666666666,2
2.0,0.25,9,17008,0.1111111111111111,0.10040404040404041,0.6666666666666666,2
2.0,0.25,10,17009,0.1111111111111111,0.10040404040404041,0.6666666666666666,2
2.0,0.25,11,17010,0.1111111111111111,0.10040404040404041,0.6666666666666666,2
2.0,0.25,12,17011,0.1111111111111111,0.1006060606060606,0.816496580927726,2
2.0,0.25,13,17012,0.1111111111111111,0.10020202020202021,0.4714045207910317,2
2.0,0.25,14,17013,0.1111111111111111,0.10040404040404041,0.6666666666666666,2
2.0,0.25,15,17014,0.1111111111111111,0.10040404040404041,0.6666666666666666,2
2.0,0.25,16,17015,0.1111111111111111,0.10040404040404041,0.6666666666666666,2
2.0,0.25,17,17016,0.1111111111111111,0.10040404040404041,0.6666666666666666,2
2.0,0.25,18,17017,0.1111111111111111,0.10020202020202021,0.4714045207910317,2
2.0,0.25,19,17018,0.1111111111111111,0.10020202020202021,0.4714045207910317,2
2.0,0.25,20,17019,0.1111111111111111,0.10040404040404041,0.6666666666666666,2
2.0,0.25,21,17020,0.1111111111111111,0.10040404040404041,0.6666666666666666,2
2.0,0.25,22,17021,0.1111111111111111,0.1008080808080808,0.9428090415820634,2
2.0,0.25,23,17022,0.1111111111111111,0.10111111111111111,1.1547005383792515,3
2.0,0.25,24,17023,0.1,0.1,0.0,0
2.0,0.25,25,17024,0.1111111111111111,0.10040404040404041,0.6666666666666666,2
2.0,0.25,26,17025,0.1111111111111111,0.10095959595959596,1.0540925533894598,3
2.0,0.25,27,17026,0.1111111111111111,0.10040404040404041,0.6666666666666666,2
2.0,0.25,28,17027,0.1111111111111111,0.10095959595959596,1.0540925533894598,3
2.0,0.25,29,17028,0.125,0.10103535353535353,1.0540925533894598,4
2.0,0.25,30,17029,0.1111111111111111,0.10040404040404041,0.6666666666666666,2
2.0,0.5,1,18000,0.1,0.1,0.0,0
2.0,0.5,2,18001,0.1111111111111111,0.10040404040404041,0.6666666666666666,2
2.0,0.5,3,18002,0.1111111111111111,0.10040404040404041,0.6666666666666666,2
2.0,0.5,4,18003,0.1111111111111111,0.10040404040404041,0.6666666666666666,2
2.0,0.5,5,18004,0.1111111111111111,0.10020202020202021,0.4714045207910317,2
2.0,0.5,6,18005,0.1111111111111111,0.10040404040404041,0.6666666666666666,2
2.0,0.5,7,18006,0.1111111111111111,0.10040404040404041,0.6666666666666666,2
2.0,0.5,8,18007,0.1111111111111111,0.10020202020202021,0.4714045207910317,2
2.0,0.5,9,18008,0.1111111111111111,0.1006060606060606,0.816496580927726,2
2.0,0.5,10,18009,0.1111111111111111,0.1006060606060606,0.816496580927726,2
2.0,0.5,11,18010,0.1111111111111111,0.1006060606060606,0.816496580927726,2
2.0,0.5,12,18011,0.1111111111111111,0.1006060606060606,0.816496580927726,2
2.0,0.5,13,18012,0.1111111111111111,0.1006060606060606,0.816496580927726,2
2.0,0.5,14,18013,0.1111111111111111,0.1006060606060606,0.816496580927726,2
2.0,0.5,15,18014,0.1111111111111111,0.10075757575757575,0.9428090415820634,3
2.0,0.5,16,18015,0.1111111111111111,0.1006060606060606,0.816496580927726,2
2.0,0.5,17,18016,0.1111111111111111,0.10040404040404041,0.6666666666666666,2
2.0,0.5,18,18017,0.1111111111111111,0.10040404040404041,0.6666666666666666,2
2.0,0.5,19,18018,0.1111111111111111,0.10020202020202021,0.4714045207910317,2
2.0,0.5,20,18019,0.1111111111111111,0.1006060606060606,0.816496580927726,2
2.0,0.5,21,18020,0.1111111111111111,0.1006060606060606,0.816496580927726,2
2.0,0.5,22,18021,0.1111111111111111,0.1008080808080808,0.9428090415820634,2
2.0,0.5,23,18022,0.1111111111111111,0.10020202020202021,0.4714045207910317,2
2.0,0.5,24,18023,0.1111111111111111,0.1006060606060606,0.816496580927726,2
2.0,0.5,25,18024,0.1111111111111111,0.10075757575757575,0.9428090415820634,3
2.0,0.5,26,18025,0.1111111111111111,0.1006060606060606,0.816496580927726,2
2.0,0.5,27,18026,0.1111111111111111,0.10040404040404041,0.6666666666666666,2
2.0,0.5,28,18027,0.1111111111111111,0.10040404040404041,0.6666666666666666,2
2.0,0.5,29,18028,0.1111111111111111,0.10040404040404041,0.6666666666666666,2
2.0,0.5,30,18029,0.1111111111111111,0.10040404040404041,0.6666666666666666,2
2.0,1.0,1,19000,0.1111111111111111,0.10040404040404041,0.6666666666666666,2
2.0,1.0,2,19001,0.1111111111111111,0.1006060606060606,0.816496580927726,2
2.0,1.0,3,19002,0.1111111111111111,0.10040404040404041,0.6666666666666666,2
2.0,1.0,4,19003,0.1111111111111111,0.1006060606060606,0.816496580927726,2
2.0,1.0,5,19004,0.1111111111111111,0.10020202020202021,0.4714045207910317,2
2.0,1.0,6,19005,0.1111111111111111,0.10040404040404041,0.6666666666666666,2
2.0,1.0,7,19006,0.1111111111111111,0.1006060606060606,0.816496580927726,2
2.0,1.0,8,19007,0.1111111111111111,0.10040404040404041,0.6666666666666666,2
2.0,1.0,9,19008,0.1111111111111111,0.10040404040404041,0.6666666666666666,2
2.0,1.0,10,19009,0.1111111111111111,0.1006060606060606,0.816496580927726,2
2.0,1.0,11,19010,0.1111111111111111,0.10020202020202021,0.4714045207910317,2
2.0,1.0,12,19011,0.1111111111111111,0.10020202020202021,0.4714045207910317,2
2.0,1.0,13,19012,0.1111111111111111,0.10055555555555556,0.816496580927726,3
2.0,1.0,14,19013,0.1111111111111111,0.10040404040404041,0.6666666666666666,2
2.0,1.0,15,19014,0.1111111111111111,0.10040404040404041,0.6666666666666666,2
2.0,1.0,16,19015,0.1111111111111111,0.10075757575757575,0.9428090415820634,3
2.0,1.0,17,19016,0.1111111111111111,0.10040404040404041,0.6666666666666666,2
2.0,1.0,18,19017,0.1,0.1,0.0,0
2.0,1.0,19,19018,0.125,0.10150543900543901,1.3333333333333333,5
2.0,1.0,20,19019,0.1111111111111111,0.10020202020202021,0.4714045207910317,2
2.0,1.0,21,19020,0.1111111111111111,0.10040404040404041,0.6666666666666666,2
2.0,1.0,22,19021,0.1111111111111111,0.10040404040404041,0.6666666666666666,2
2.0,1.0,23,19022,0.1111111111111111,0.10055555555555556,0.816496580927726,3
2.0,1.0,24,19023,0.1111111111111111,0.10040404040404041,0.6666666666666666,2
2.0,1.0,25,19024,0.1111111111111111,0.10040404040404041,0.6666666666666666,2
2.0,1.0,26,19025,0.1111111111111111,0.10040404040404041,0.6666666666666666,2
2.0,1.0,27,19026,0.1111111111111111,0.10040404040404041,0.6666666666666666,2
2.0,1.0,28,19027,0.1111111111111111,0.10040404040404041,0.6666666666666666,2
2.0,1.0,29,19028,0.1111111111111111,0.10040404040404041,0.6666666666666666,2
2.0,1.0,30,19029,0.1111111111111111,0.10020202020202021,0.4714045207910317,2
2.0,2.0,1,20000,0.16666666666666666,0.09707070707070707,1.1547005383792515,4
2.0,2.0,2,20001,0.15384615384615385,0.0966977466977467,1.3333333333333333,5
2.0,2.0,3,20002,0.16666666666666666,0.09666666666666666,0.9428090415820634,4
2.0,2.0,4,20003,0.16666666666666666,0.09686868686868687,1.0540925533894598,4
2.0,2.0,5,20004,0.16666666666666666,0.09666666666666666,0.9428090415820634,4
2.0,2.0,6,20005,0.16666666666666666,0.09707070707070707,1.1547005383792515,4
2.0,2.0,7,20006,0.16666666666666666,0.09686868686868687,1.0540925533894598,4
2.0,2.0,8,20007,0.15384615384615385,0.0966977466977467,1.3333333333333333,5
2.0,2.0,9,20008,0.1111111111111111,0.10040404040404041,0.6666666666666666,2
2.0,2.0,10,20009,0.16666666666666666,0.09666666666666666,0.9428090415820634,4
2.0,2.0,11,20010,0.1111111111111111,0.1006060606060606,0.816496580927726,2
2.0,2.0,12,20011,0.1111111111111111,0.10020202020202021,0.4714045207910317,2
2.0,2.0,13,20012,0.16666666666666666,0.09686868686868687,1.0540925533894598,4
2.0,2.0,14,20013,0.1111111111111111,0.10020202020202021,0.4714045207910317,2
2.0,2.0,15,20014,0.16666666666666666,0.09707070707070707,1.1547005383792515,4
2.0,2.0,16,20015,0.16666666666666666,0.09686868686868687,1.0540925533894598,4
2.0,2.0,17,20016,0.16666666666666666,0.09686868686868687,1.0540925533894598,4
2.0,2.0,18,20017,0.16666666666666666,0.09707070707070707,1.1547005383792515,4
2.0,2.0,19,20018,0.1111111111111111,0.1008080808080808,0.9428090415820634,2
2.0,2.0,20,20019,0.1111111111111111,0.1006060606060606,0.816496580927726,2
2.0,2.0,21,20020,0.1111111111111111,0.10040404040404041,0.6666666666666666,2
2.0,2.0,22,20021,0.1,0.1,0.0,0
2.0,2.0,23,20022,0.16666666666666666,0.09707070707070707,1.1547005383792515,4
2.0,2.0,24,20023,0.1111111111111111,0.10040404040404041,0.6666666666666666,2
2.0,2.0,25,20024,0.16666666666666666,0.09707070707070707,1.1547005383792515,4
2.0,2.0,26,20025,0.15384615384615385,0.0966977466977467,1.3333333333333333,5
2.0,2.0,27,20026,0.15384615384615385,0.0966977466977467,1.3333333333333333,5
2.0,2.0,28,20027,0.1111111111111111,0.10040404040404041,0.6666666666666666,2
2.0,2.0,29,20028,0.16666666666666666,0.09353535353535354,1.4142135623730951,4
2.0,2.0,30,20029,0.16666666666666666,0.09373737373737373,1.4907119849998598,4
3.0,0.0,1,21000,0.125,0.10088383838383838,0.9428090415820634,3
3.0,0.0,2,21001,0.1111111111111111,0.10040404040404041,0.6666666666666666,2
3.0,0.0,3,21002,0.1111111111111111,0.1006060606060606,0.816496580927726,2
3.0,0.0,4,21003,0.1111111111111111,0.1006060606060606,0.816496580927726,2
3.0,0.0,5,21004,0.1111111111111111,0.10040404040404041,0.6666666666666666,2
3.0,0.0,6,21005,0.125,0.10108585858585858,1.0540925533894598,3
3.0,0.0,7,21006,0.1111111111111111,0.1006060606060606,0.816496580927726,2
3.0,0.0,8,21007,0.125,0.10108585858585858,1.0540925533894598,3
3.0,0.0,9,21008,0.125,0.10068181818181819,0.816496580927726,3
3.0,0.0,10,21009,0.1111111111111111,0.10095959595959596,1.0540925533894598,3
3.0,0.0,11,21010,0.1111111111111111,0.10075757575757575,0.9428090415820634,3
3.0,0.0,12,21011,0.1111111111111111,0.10075757575757575,0.9428090415820634,3
3.0,0.0,13,21012,0.1111111111111111,0.1006060606060606,0.816496580927726,2
3.0,0.0,14,21013,0.1111111111111111,0.10040404040404041,0.6666666666666666,2
3.0,0.0,15,21014,0.1111111111111111,0.10040404040404041,0.6666666666666666,2
3.0,0.0,16,21015,0.1111111111111111,0.1006060606060606,0.816496580927726,2
3.0,0.0,17,21016,0.1111111111111111,0.10040404040404041,0.6666666666666666,2
3.0,0.0,18,21017,0.1111111111111111,0.1006060606060606,0.816496580927726,2
3.0,0.0,19,21018,0.125,0.10123737373737374,1.1547005383792515,4
3.0,0.0,20,21019,0.125,0.10103535353535353,1.0540925533894598,4
3.0,0.0,21,21020,0.1111111111111111,0.10020202020202021,0.4714045207910317,2
3.0,0.0,22,21021,0.1111111111111111,0.10075757575757575,0.9428090415820634,3
3.0,0.0,23,21022,0.1111111111111111,0.10040404040404041,0.6666666666666666,2
3.0,0.0,24,21023,0.1111111111111111,0.10040404040404041,0.6666666666666666,2
3.0,0.0,25,21024,0.1111111111111111,0.10040404040404041,0.6666666666666666,2
3.0,0.0,26,21025,0.1111111111111111,0.1006060606060606,0.816496580927726,2
3.0,0.0,27,21026,0.1111111111111111,0.1006060606060606,0.816496580927726,2
3.0,0.0,28,21027,0.1111111111111111,0.10020202020202021,0.4714045207910317,2
3.0,0.0,29,21028,0.1111111111111111,0.1006060606060606,0.816496580927726,2
3.0,0.0,30,21029,0.1111111111111111,0.10040404040404041,0.6666666666666666,2
3.0,0.25,1,22000,0.1111111111111111,0.10040404040404041,0.6666666666666666,2
3.0,0.25,2,22001,0.1111111111111111,0.1006060606060606,0.816496580927726,2
3.0,0.25,3,22002,0.1111111111111111,0.10020202020202021,0.4714045207910317,2
3.0,0.25,4,22003,0.1111111111111111,0.10040404040404041,0.6666666666666666,2
3.0,0.25,5,22004,0.1111111111111111,0.10020202020202021,0.4714045207910317,2
3.0,0.25,6,22005,0.1111111111111111,0.10040404040404041,0.6666666666666666,2
3.0,0.25,7,22006,0.1111111111111111,0.10040404040404041,0.6666666666666666,2
3.0,0.25,8,22007,0.1111111111111111,0.1006060606060606,0.816496580927726,2
3.0,0.25,9,22008,0.1111111111111111,0.10040404040404041,0.6666666666666666,2
3.0,0.25,10,22009,0.1111111111111111,0.10040404040404041,0.6666666666666666,2
3.0,0.25,11,22010,0.1111111111111111,0.10040404040404041,0.6666666666666666,2
3.0,0.25,12,22011,0.1111111111111111,0.10040404040404041,0.6666666666666666,2
3.0,0.25,13,22012,0.1111111111111111,0.10040404040404041,0.6666666666666666,2
3.0,0.25,14,22013,0.1111111111111111,0.10020202020202021,0.4714045207910317,2
3.0,0.25,15,22014,0.1111111111111111,0.1006060606060606,0.816496580927726,2
3.0,0.25,16,22015,0.1111111111111111,0.10040404040404041,0.6666666666666666,2
3.0,0.25,17,22016,0.1111111111111111,0.1006060606060606,0.816496580927726,2
3.0,0.25,18,22017,0.1111111111111111,0.1006060606060606,0.816496580927726,2
3.0,0.25,19,22018,0.1111111111111111,0.10040404040404041,0.6666666666666666,2
3.0,0.25,20,22019,0.125,0.1017074592074592,1.4142135623730951,5
3.0,0.25,21,22020,0.1111111111111111,0.1006060606060606,0.816496580927726,2
3.0,0.25,22,22021,0.1111111111111111,0.10040404040404041,0.6666666666666666,2
3.0,0.25,23,22022,0.1111111111111111,0.1006060606060606,0.816496580927726,2
3.0,0.25,24,22023,0.1111111111111111,0.10040404040404041,0.6666666666666666,2
3.0,0.25,25,22024,0.1111111111111111,0.10020202020202021,0.4714045207910317,2
3.0,0.25,26,22025,0.125,0.10088383838383838,0.9428090415820634,3
3.0,0.25,27,22026,0.1111111111111111,0.10020202020202021,0.4714045207910317,2
3.0,0.25,28,22027,0.1111111111111111,0.10040404040404041,0.6666666666666666,2
3.0,0.25,29,22028,0.1111111111111111,0.1006060606060606,0.816496580927726,2
3.0,0.25,30,22029,0.1111111111111111,0.10040404040404041,0.6666666666666666,2
3.0,0.5,1,23000,0.1111111111111111,0.10020202020202021,0.4714045207910317,2
3.0,0.5,2,23001,0.1111111111111111,0.10075757575757575,0.9428090415820634,3
3.0,0.5,3,23002,0.1111111111111111,0.1006060606060606,0.816496580927726,2
3.0,0.5,4,23003,0.1111111111111111,0.10040404040404041,0.6666666666666666,2
3.0,0.5,5,23004,0.1111111111111111,0.1006060606060606,0.816496580927726,2
3.0,0.5,6,23005,0.1111111111111111,0.10075757575757575,0.9428090415820634,3
3.0,0.5,7,23006,0.1111111111111111,0.10040404040404041,0.6666666666666666,2
3.0,0.5,8,23007,0.1111111111111111,0.1006060606060606,0.816496580927726,2
3.0,0.5,9,23008,0.1111111111111111,0.10040404040404041,0.6666666666666666,2
3.0,0.5,10,23009,0.1111111111111111,0.1006060606060606,0.816496580927726,2
3.0,0.5,11,23010,0.1111111111111111,0.10020202020202021,0.4714045207910317,2
3.0,0.5,12,23011,0.1111111111111111,0.10020202020202021,0.4714045207910317,2
3.0,0.5,13,23012,0.1,0.1,0.0,0
3.0,0.5,14,23013,0.1111111111111111,0.10040404040404041,0.6666666666666666,2
3.0,0.5,15,23014,0.1111111111111111,0.10040404040404041,0.6666666666666666,2
3.0,0.5,16,23015,0.125,0.10150543900543901,1.3333333333333333,5
3.0,0.5,17,23016,0.1111111111111111,0.10040404040404041,0.6666666666666666,2
3.0,0.5,18,23017,0.1111111111111111,0.10040404040404041,0.6666666666666666,2
3.0,0.5,19,23018,0.1111111111111111,0.1006060606060606,0.816496580927726,2
3.0,0.5,20,23019,0.1111111111111111,0.10040404040404041,0.6666666666666666,2
3.0,0.5,21,23020,0.1111111111111111,0.10040404040404041,0.6666666666666666,2
3.0,0.5,22,23021,0.1111111111111111,0.1006060606060606,0.816496580927726,2
3.0,0.5,23,23022,0.1111111111111111,0.10040404040404041,0.6666666666666666,2
3.0,0.5,24,23023,0.1111111111111111,0.10040404040404041,0.6666666666666666,2
3.0,0.5,25,23024,0.1111111111111111,0.1006060606060606,0.816496580927726,2
3.0,0.5,26,23025,0.1111111111111111,0.10040404040404041,0.6666666666666666,2
3.0,0.5,27,23026,0.1111111111111111,0.10055555555555556,0.816496580927726,3
3.0,0.5,28,23027,0.1111111111111111,0.10040404040404041,0.6666666666666666,2
3.0,0.5,29,23028,0.1111111111111111,0.10040404040404041,0.6666666666666666,2
3.0,0.5,30,23029,0.1111111111111111,0.10040404040404041,0.6666666666666666,2
3.0,1.0,1,24000,0.1111111111111111,0.10020202020202021,0.4714045207910317,2
3.0,1.0,2,24001,0.1111111111111111,0.10040404040404041,0.6666666666666666,2
3.0,1.0,3,24002,0.1111111111111111,0.10095959595959596,1.0540925533894598,3
3.0,1.0,4,24003,0.1111111111111111,0.10020202020202021,0.4714045207910317,2
3.0,1.0,5,24004,0.1111111111111111,0.10020202020202021,0.4714045207910317,2
3.0,1.0,6,24005,0.1111111111111111,0.10075757575757575,0.9428090415820634,3
3.0,1.0,7,24006,0.1111111111111111,0.10055555555555556,0.816496580927726,3
3.0,1.0,8,24007,0.1111111111111111,0.1006060606060606,0.816496580927726,2
3.0,1.0,9,24008,0.1111111111111111,0.10040404040404041,0.6666666666666666,2
3.0,1.0,10,24009,0.1111111111111111,0.10020202020202021,0.4714045207910317,2
3.0,1.0,11,24010,0.1111111111111111,0.10020202020202021,0.4714045207910317,2
3.0,1.0,12,24011,0.1111111111111111,0.1006060606060606,0.816496580927726,2
3.0,1.0,13,24012,0.1111111111111111,0.10040404040404041,0.6666666666666666,2
3.0,1.0,14,24013,0.1111111111111111,0.10055555555555556,0.816496580927726,3
3.0,1.0,15,24014,0.1111111111111111,0.10040404040404041,0.6666666666666666,2
3.0,1.0,16,24015,0.1111111111111111,0.10020202020202021,0.4714045207910317,2
3.0,1.0,17,24016,0.1111111111111111,0.10020202020202021,0.4714045207910317,2
3.0,1.0,18,24017,0.1111111111111111,0.1006060606060606,0.816496580927726,2
3.0,1.0,19,24018,0.1111111111111111,0.10040404040404041,0.6666666666666666,2
3.0,1.0,20,24019,0.1111111111111111,0.1006060606060606,0.816496580927726,2
3.0,1.0,21,24020,0.1111111111111111,0.1006060606060606,0.816496580927726,2
3.0,1.0,22,24021,0.1111111111111111,0.10040404040404041,0.6666666666666666,2
3.0,1.0,23,24022,0.1111111111111111,0.10040404040404041,0.6666666666666666,2
3.0,1.0,24,24023,0.1111111111111111,0.10040404040404041,0.6666666666666666,2
3.0,1.0,25,24024,0.1111111111111111,0.10020202020202021,0.4714045207910317,2
3.0,1.0,26,24025,0.1111111111111111,0.10040404040404041,0.6666666666666666,2
3.0,1.0,27,24026,0.1111111111111111,0.1006060606060606,0.816496580927726,2
3.0,1.0,28,24027,0.1111111111111111,0.10020202020202021,0.4714045207910317,2
3.0,1.0,29,24028,0.1111111111111111,0.1006060606060606,0.816496580927726,2
3.0,1.0,30,24029,0.1111111111111111,0.10040404040404041,0.6666666666666666,2
3.0,2.0,1,25000,0.1111111111111111,0.1008080808080808,0.9428090415820634,2
3.0,2.0,2,25001,0.15384615384615385,0.0966977466977467,1.3333333333333333,5
3.0,2.0,3,25002,0.1111111111111111,0.10075757575757575,0.9428090415820634,3
3.0,2.0,4,25003,0.15384615384615385,0.0966977466977467,1.3333333333333333,5
3.0,2.0,5,25004,0.1111111111111111,0.1006060606060606,0.816496580927726,2
3.0,2.0,6,25005,0.1111111111111111,0.10040404040404041,0.6666666666666666,2
3.0,2.0,7,25006,0.1111111111111111,0.10020202020202021,0.4714045207910317,2
3.0,2.0,8,25007,0.1111111111111111,0.10040404040404041,0.6666666666666666,2
3.0,2.0,9,25008,0.1111111111111111,0.1006060606060606,0.816496580927726,2
3.0,2.0,10,25009,0.14285714285714285,0.10211399711399712,1.4142135623730951,5
3.0,2.0,11,25010,0.1111111111111111,0.10040404040404041,0.6666666666666666,2
3.0,2.0,12,25011,0.1111111111111111,0.1006060606060606,0.816496580927726,2
3.0,2.0,13,25012,0.1111111111111111,0.10020202020202021,0.4714045207910317,2
3.0,2.0,14,25013,0.1111111111111111,0.10040404040404041,0.6666666666666666,2
3.0,2.0,15,25014,0.1111111111111111,0.10040404040404041,0.6666666666666666,2
3.0,2.0,16,25015,0.1111111111111111,0.10020202020202021,0.4714045207910317,2
3.0,2.0,17,25016,0.1111111111111111,0.1006060606060606,0.816496580927726,2
3.0,2.0,18,25017,0.1111111111111111,0.1006060606060606,0.816496580927726,2
3.0,2.0,19,25018,0.1111111111111111,0.10020202020202021,0.4714045207910317,2
3.0,2.0,20,25019,0.1111111111111111,0.10020202020202021,0.4714045207910317,2
3.0,2.0,21,25020,0.1111111111111111,0.10020202020202021,0.4714045207910317,2
3.0,2.0,22,25021,0.1111111111111111,0.10040404040404041,0.6666666666666666,2
3.0,2.0,23,25022,0.1111111111111111,0.10040404040404041,0.6666666666666666,2
3.0,2.0,24,25023,0.15384615384615385,0.0964957264957265,1.247219128924647,5
3.0,2.0,25,25024,0.1111111111111111,0.10020202020202021,0.4714045207910317,2
3.0,2.0,26,25025,0.1111111111111111,0.10040404040404041,0.6666666666666666,2
3.0,2.0,27,25026,0.1111111111111111,0.1006060606060606,0.816496580927726,2
3.0,2.0,28,25027,0.1111111111111111,0.10040404040404041,0.6666666666666666,2
3.0,2.0,29,25028,0.1111111111111111,0.1006060606060606,0.816496580927726,2
3.0,2.0,30,25029,0.15384615384615385,0.0964957264957265,1.247219128924647,5
4.0,0.0,1,26000,0.1111111111111111,0.1008080808080808,0.9428090415820634,2
4.0,0.0,2,26001,0.1111111111111111,0.10101010101010101,1.0540925533894598,2
4.0,0.0,3,26002,0.1111111111111111,0.1006060606060606,0.816496580927726,2
4.0,0.0,4,26003,0.125,0.10123737373737374,1.1547005383792515,4
4.0,0.0,5,26004,0.1111111111111111,0.10040404040404041,0.6666666666666666,2
4.0,0.0,6,26005,0.1111111111111111,0.1006060606060606,0.816496580927726,2
4.0,0.0,7,26006,0.1111111111111111,0.1006060606060606,0.816496580927726,2
4.0,0.0,8,26007,0.1111111111111111,0.10075757575757575,0.9428090415820634,3
4.0,0.0,9,26008,0.1111111111111111,0.1006060606060606,0.816496580927726,2
4.0,0.0,10,26009,0.1111111111111111,0.1008080808080808,0.9428090415820634,2
4.0,0.0,11,26010,0.1111111111111111,0.1006060606060606,0.816496580927726,2
4.0,0.0,12,26011,0.1111111111111111,0.10040404040404041,0.6666666666666666,2
4.0,0.0,13,26012,0.125,0.10138888888888889,1.247219128924647,4
4.0,0.0,14,26013,0.1111111111111111,0.10040404040404041,0.6666666666666666,2
4.0,0.0,15,26014,0.1111111111111111,0.1006060606060606,0.816496580927726,2
4.0,0.0,16,26015,0.1111111111111111,0.10075757575757575,0.9428090415820634,3
4.0,0.0,17,26016,0.1111111111111111,0.10040404040404041,0.6666666666666666,2
4.0,0.0,18,26017,0.1111111111111111,0.10095959595959596,1.0540925533894598,3
4.0,0.0,19,26018,0.1111111111111111,0.1006060606060606,0.816496580927726,2
4.0,0.0,20,26019,0.1111111111111111,0.10040404040404041,0.6666666666666666,2
4.0,0.0,21,26020,0.1111111111111111,0.10040404040404041,0.6666666666666666,2
4.0,0.0,22,26021,0.1111111111111111,0.1006060606060606,0.816496580927726,2
4.0,0.0,23,26022,0.1111111111111111,0.10020202020202021,0.4714045207910317,2
4.0,0.0,24,26023,0.125,0.10123737373737374,1.1547005383792515,4
4.0,0.0,25,26024,0.1111111111111111,0.10055555555555556,0.816496580927726,3
4.0,0.0,26,26025,0.125,0.10143939393939394,1.247219128924647,4
4.0,0.0,27,26026,0.1111111111111111,0.10040404040404041,0.6666666666666666,2
4.0,0.0,28,26027,0.125,0.10088383838383838,0.9428090415820634,3
4.0,0.0,29,26028,0.125,0.10108585858585858,1.0540925533894598,3
4.0,0.0,30,26029,0.1111111111111111,0.10040404040404041,0.6666666666666666,2
4.0,0.25,1,27000,0.1111111111111111,0.10020202020202021,0.4714045207910317,2
4.0,0.25,2,27001,0.1111111111111111,0.10040404040404041,0.6666666666666666,2
4.0,0.25,3,27002,0.1111111111111111,0.10040404040404041,0.6666666666666666,2
4.0,0.25,4,27003,0.1111111111111111,0.10020202020202021,0.4714045207910317,2
4.0,0.25,5,27004,0.1111111111111111,0.10040404040404041,0.6666666666666666,2
4.0,0.25,6,27005,0.1111111111111111,0.10040404040404041,0.6666666666666666,2
4.0,0.25,7,27006,0.1111111111111111,0.10020202020202021,0.4714045207910317,2
4.0,0.25,8,27007,0.1111111111111111,0.10040404040404041,0.6666666666666666,2
4.0,0.25,9,27008,0.1111111111111111,0.10095959595959596,1.0540925533894598,3
4.0,0.25,10,27009,0.1111111111111111,0.1006060606060606,0.816496580927726,2
4.0,0.25,11,27010,0.1111111111111111,0.10075757575757575,0.9428090415820634,3
4.0,0.25,12,27011,0.125,0.10103535353535353,1.0540925533894598,4
4.0,0.25,13,27012,0.1111111111111111,0.10040404040404041,0.6666666666666666,2
4.0,0.25,14,27013,0.1111111111111111,0.10020202020202021,0.4714045207910317,2
4.0,0.25,15,27014,0.1111111111111111,0.10040404040404041,0.6666666666666666,2
4.0,0.25,16,27015,0.1111111111111111,0.1006060606060606,0.816496580927726,2
4.0,0.25,17,27016,0.1111111111111111,0.10040404040404041,0.6666666666666666,2
4.0,0.25,18,27017,0.1111111111111111,0.10040404040404041,0.6666666666666666,2
4.0,0.25,19,27018,0.1111111111111111,0.10040404040404041,0.6666666666666666,2
4.0,0.25,20,27019,0.1111111111111111,0.10040404040404041,0.6666666666666666,2
4.0,0.25,21,27020,0.1111111111111111,0.10040404040404041,0.6666666666666666,2
4.0,0.25,22,27021,0.1111111111111111,0.10040404040404041,0.6666666666666666,2
4.0,0.25,23,27022,0.1111111111111111,0.10075757575757575,0.9428090415820634,3
4.0,0.25,24,27023,0.1111111111111111,0.10055555555555556,0.816496580927726,3
4.0,0.25,25,27024,0.1111111111111111,0.10020202020202021,0.4714045207910317,2
4.0,0.25,26,27025,0.1111111111111111,0.10055555555555556,0.816496580927726,3
4.0,0.25,27,27026,0.125,0.10088383838383838,0.9428090415820634,3
4.0,0.25,28,27027,0.1111111111111111,0.10020202020202021,0.4714045207910317,2
4.0,0.25,29,27028,0.1111111111111111,0.10040404040404041,0.6666666666666666,2
4.0,0.25,30,27029,0.1111111111111111,0.10040404040404041,0.6666666666666666,2
4.0,0.5,1,28000,0.1111111111111111,0.10040404040404041,0.6666666666666666,2
4.0,0.5,2,28001,0.1111111111111111,0.10040404040404041,0.6666666666666666,2
4.0,0.5,3,28002,0.1111111111111111,0.10040404040404041,0.6666666666666666,2
4.0,0.5,4,28003,0.1111111111111111,0.10040404040404041,0.6666666666666666,2
4.0,0.5,5,28004,0.1111111111111111,0.10040404040404041,0.6666666666666666,2
4.0,0.5,6,28005,0.1111111111111111,0.1006060606060606,0.816496580927726,2
4.0,0.5,7,28006,0.1111111111111111,0.10040404040404041,0.6666666666666666,2
4.0,0.5,8,28007,0.1111111111111111,0.10040404040404041,0.6666666666666666,2
4.0,0.5,9,28008,0.1111111111111111,0.10020202020202021,0.4714045207910317,2
4.0,0.5,10,28009,0.1111111111111111,0.1008080808080808,0.9428090415820634,2
4.0,0.5,11,28010,0.1111111111111111,0.10020202020202021,0.4714045207910317,2
4.0,0.5,12,28011,0.1111111111111111,0.10040404040404041,0.6666666666666666,2
4.0,0.5,13,28012,0.1111111111111111,0.10020202020202021,0.4714045207910317,2
4.0,0.5,14,28013,0.1111111111111111,0.1006060606060606,0.816496580927726,2
4.0,0.5,15,28014,0.1111111111111111,0.10020202020202021,0.4714045207910317,2
4.0,0.5,16,28015,0.1111111111111111,0.1006060606060606,0.816496580927726,2
4.0,0.5,17,28016,0.1111111111111111,0.10040404040404041,0.6666666666666666,2
4.0,0.5,18,28017,0.1111111111111111,0.1006060606060606,0.816496580927726,2
4.0,0.5,19,28018,0.1111111111111111,0.10040404040404041,0.6666666666666666,2
4.0,0.5,20,28019,0.1111111111111111,0.10040404040404041,0.6666666666666666,2
4.0,0.5,21,28020,0.1111111111111111,0.10040404040404041,0.6666666666666666,2
4.0,0.5,22,28021,0.1111111111111111,0.10020202020202021,0.4714045207910317,2
4.0,0.5,23,28022,0.1111111111111111,0.10040404040404041,0.6666666666666666,2
4.0,0.5,24,28023,0.1111111111111111,0.10040404040404041,0.6666666666666666,2
4.0,0.5,25,28024,0.1111111111111111,0.1006060606060606,0.816496580927726,2
4.0,0.5,26,28025,0.1111111111111111,0.1006060606060606,0.816496580927726,2
4.0,0.5,27,28026,0.1111111111111111,0.10040404040404041,0.6666666666666666,2
4.0,0.5,28,28027,0.1111111111111111,0.10020202020202021,0.4714045207910317,2
4.0,0.5,29,28028,0.1111111111111111,0.1006060606060606,0.816496580927726,2
4.0,0.5,30,28029,0.1111111111111111,0.1006060606060606,0.816496580927726,2
4.0,1.0,1,29000,0.1111111111111111,0.1006060606060606,0.816496580927726,2
4.0,1.0,2,29001,0.1111111111111111,0.10040404040404041,0.6666666666666666,2
4.0,1.0,3,29002,0.1111111111111111,0.10040404040404041,0.6666666666666666,2
4.0,1.0,4,29003,0.1111111111111111,0.10040404040404041,0.6666666666666666,2
4.0,1.0,5,29004,0.1111111111111111,0.10040404040404041,0.6666666666666666,2
4.0,1.0,6,29005,0.1111111111111111,0.10040404040404041,0.6666666666666666,2
4.0,1.0,7,29006,0.1111111111111111,0.10040404040404041,0.6666666666666666,2
4.0,1.0,8,29007,0.14285714285714285,0.10238206238206238,1.563471919941143,6
4.0,1.0,9,29008,0.14285714285714285,0.10170995670995671,1.247219128924647,5
4.0,1.0,10,29009,0.1111111111111111,0.10040404040404041,0.6666666666666666,2
4.0,1.0,11,29010,0.1111111111111111,0.1008080808080808,0.9428090415820634,2
4.0,1.0,12,29011,0.1111111111111111,0.10055555555555556,0.816496580927726,3
4.0,1.0,13,29012,0.1111111111111111,0.10040404040404041,0.6666666666666666,2
4.0,1.0,14,29013,0.1111111111111111,0.1006060606060606,0.816496580927726,2
4.0,1.0,15,29014,0.1111111111111111,0.1006060606060606,0.816496580927726,2
4.0,1.0,16,29015,0.1111111111111111,0.10095959595959596,1.0540925533894598,3
4.0,1.0,17,29016,0.1111111111111111,0.10040404040404041,0.6666666666666666,2
4.0,1.0,18,29017,0.1111111111111111,0.10040404040404041,0.6666666666666666,2
4.0,1.0,19,29018,0.1111111111111111,0.10040404040404041,0.6666666666666666,2
4.0,1.0,20,29019,0.1111111111111111,0.10055555555555556,0.816496580927726,3
4.0,1.0,21,29020,0.1111111111111111,0.10095959595959596,1.0540925533894598,3
4.0,1.0,22,29021,0.1111111111111111,0.10040404040404041,0.6666666666666666,2
4.0,1.0,23,29022,0.1111111111111111,0.1006060606060606,0.816496580927726,2
4.0,1.0,24,29023,0.14285714285714285,0.10226551226551227,1.4907119849998598,5
4.0,1.0,25,29024,0.1111111111111111,0.1006060606060606,0.816496580927726,2
4.0,1.0,26,29025,0.1111111111111111,0.10020202020202021,0.4714045207910317,2
4.0,1.0,27,29026,0.1111111111111111,0.10040404040404041,0.6666666666666666,2
4.0,1.0,28,29027,0.1111111111111111,0.10075757575757575,0.9428090415820634,3
4.0,1.0,29,29028,0.1111111111111111,0.1006060606060606,0.816496580927726,2
4.0,1.0,30,29029,0.1111111111111111,0.10040404040404041,0.6666666666666666,2
4.0,2.0,1,30000,0.1111111111111111,0.10075757575757575,0.9428090415820634,3
4.0,2.0,2,30001,0.1111111111111111,0.1006060606060606,0.816496580927726,2
4.0,2.0,3,30002,0.1111111111111111,0.10055555555555556,0.816496580927726,3
4.0,2.0,4,30003,0.1111111111111111,0.10040404040404041,0.6666666666666666,2
4.0,2.0,5,30004,0.1111111111111111,0.10020202020202021,0.4714045207910317,2
4.0,2.0,6,30005,0.1111111111111111,0.1006060606060606,0.816496580927726,2
4.0,2.0,7,30006,0.1111111111111111,0.10040404040404041,0.6666666666666666,2
4.0,2.0,8,30007,0.1111111111111111,0.1006060606060606,0.816496580927726,2
4.0,2.0,9,30008,0.1111111111111111,0.10040404040404041,0.6666666666666666,2
4.0,2.0,10,30009,0.1111111111111111,0.1008080808080808,0.9428090415820634,2
4.0,2.0,11,30010,0.14285714285714285,0.10191197691197691,1.3333333333333333,5
4.0,2.0,12,30011,0.1111111111111111,0.10040404040404041,0.6666666666666666,2
4.0,2.0,13,30012,0.1111111111111111,0.10040404040404041,0.6666666666666666,2
4.0,2.0,14,30013,0.1111111111111111,0.10020202020202021,0.4714045207910317,2
4.0,2.0,15,30014,0.1111111111111111,0.1006060606060606,0.816496580927726,2
4.0,2.0,16,30015,0.1111111111111111,0.1006060606060606,0.816496580927726,2
4.0,2.0,17,30016,0.1111111111111111,0.1006060606060606,0.816496580927726,2
4.0,2.0,18,30017,0.1111111111111111,0.10020202020202021,0.4714045207910317,2
4.0,2.0,19,30018,0.1111111111111111,0.10040404040404041,0.6666666666666666,2
4.0,2.0,20,30019,0.1111111111111111,0.10040404040404041,0.6666666666666666,2
4.0,2.0,21,30020,0.1111111111111111,0.10040404040404041,0.6666666666666666,2
4.0,2.0,22,30021,0.1111111111111111,0.10040404040404041,0.6666666666666666,2
4.0,2.0,23,30022,0.14285714285714285,0.10170995670995671,1.247219128924647,5
4.0,2.0,24,30023,0.1111111111111111,0.1006060606060606,0.816496580927726,2
4.0,2.0,25,30024,0.1111111111111111,0.10020202020202021,0.4714045207910317,2
4.0,2.0,26,30025,0.1,0.1,0.0,0
4.0,2.0,27,30026,0.1111111111111111,0.10020202020202021,0.4714045207910317,2
4.0,2.0,28,30027,0.1111111111111111,0.1008080808080808,0.9428090415820634,2
4.0,2.0,29,30028,0.1111111111111111,0.10040404040404041,0.6666666666666666,2
4.0,2.0,30,30029,0.1111111111111111,0.10020202020202021,0.4714045207910317,2
